nome, dt_nasc, tipoAbner Rueda, 2025-04-08, Pessoa Física
Abner Rueda, 2025-02-10, Pessoa Física
Abner Rueda, 2025-02-10, Pessoa Física
Leandro, 2025-02-10, Pessoa Física
Leandro, 2025-01-13, Pessoa Física
Leandro, 2025-01-13, Pessoa Física
Pedro, 2025-01-13, Pessoa Física
Pedro, 2025-01-13, Pessoa Jurídica
Pedro, 2025-01-13, Pessoa Jurídica
Matheus, 2025-04-08, Pessoa Física
Matheus, 2024-12-10, Pessoa Física
Matheus, 2024-12-10, Pessoa Jurídica
Matheus, 2024-12-10, Pessoa Jurídica
Gabriel,2025-04-08,Pessoa Física
Gabriel,2024-12-18,Pessoa Física
Gabriel,2024-12-18,Pessoa Jurídica
Gabriel,2024-12-18,Pessoa Jurídica
